Workbook

Sheet Sheet1
A1: emp_id | B1: date | C1: week_day | D1: day_type | E1: emp_name | F1: in_time | G1: out_time | H1: wrk_hrs | I1: status
A2: 8 | B2: 46204 | C2: =TEXT(+WEEKDAY(B2),"DDDD") -> Wednesday | D2: working day | E2: =+VLOOKUP(A2,Sheet2!$A$1:$B$5,2,FALSE) -> Vaishali Shah | F2: =+TIME(10,0,0) -> 0.41666667 | G2: =+TIME(19,0,0) -> 0.79166667 | H2: =+G2-F2 -> 0.375 | I2: regular
A3: 9 | B3: 46204 | C3: =TEXT(+WEEKDAY(B3),"DDDD") -> Wednesday | D3: working day | E3: =+VLOOKUP(A3,Sheet2!$A$1:$B$5,2,FALSE) -> crshah | F3: =+TIME(10,0,0) -> 0.41666667 | G3: =+TIME(15,0,0) -> 0.625 | H3: =+G3-F3 -> 0.20833333 | I3: regular
A4: 10 | B4: 46204 | C4: =TEXT(+WEEKDAY(B4),"DDDD") -> Wednesday | D4: working day | E4: =+VLOOKUP(A4,Sheet2!$A$1:$B$5,2,FALSE) -> Vaishali Chirag Shah | F4: =+TIME(10,0,0) -> 0.41666667 | G4: =+TIME(15,0,0) -> 0.625 | H4: =+G4-F4 -> 0.20833333 | I4: half
A5: 11 | B5: 46204 | C5: =TEXT(+WEEKDAY(B5),"DDDD") -> Wednesday | D5: working day | E5: =+VLOOKUP(A5,Sheet2!$A$1:$B$5,2,FALSE) -> Namya Chirag Shah | F5: =+TIME(10,0,0) -> 0.41666667 | G5: =+TIME(19,0,0) -> 0.79166667 | H5: =+G5-F5 -> 0.375 | I5: regular
A6: 8 | B6: 46205 | C6: =TEXT(+WEEKDAY(B6),"DDDD") -> Thursday | D6: working day | E6: =+VLOOKUP(A6,Sheet2!$A$1:$B$5,2,FALSE) -> Vaishali Shah | F6: =+TIME(10,0,0) -> 0.41666667 | G6: =+TIME(20,0,0) -> 0.83333333 | H6: =+G6-F6 -> 0.41666667 | I6: regular
A7: 9 | B7: 46205 | C7: =TEXT(+WEEKDAY(B7),"DDDD") -> Thursday | D7: working day | E7: =+VLOOKUP(A7,Sheet2!$A$1:$B$5,2,FALSE) -> crshah | F7: =+TIME(10,0,0) -> 0.41666667 | G7: =+TIME(19,0,0) -> 0.79166667 | H7: =+G7-F7 -> 0.375 | I7: regular
A8: 10 | B8: 46205 | C8: =TEXT(+WEEKDAY(B8),"DDDD") -> Thursday | D8: working day | E8: =+VLOOKUP(A8,Sheet2!$A$1:$B$5,2,FALSE) -> Vaishali Chirag Shah | F8: =+TIME(10,0,0) -> 0.41666667 | G8: =+TIME(19,0,0) -> 0.79166667 | H8: =+G8-F8 -> 0.375 | I8: regular
A9: 11 | B9: 46205 | C9: =TEXT(+WEEKDAY(B9),"DDDD") -> Thursday | D9: working day | E9: =+VLOOKUP(A9,Sheet2!$A$1:$B$5,2,FALSE) -> Namya Chirag Shah | F9: =+TIME(10,0,0) -> 0.41666667 | G9: =+TIME(18,0,0) -> 0.75 | H9: =+G9-F9 -> 0.33333333 | I9: early
A10: 8 | B10: 46206 | C10: =TEXT(+WEEKDAY(B10),"DDDD") -> Friday | D10: working day | E10: =+VLOOKUP(A10,Sheet2!$A$1:$B$5,2,FALSE) -> Vaishali Shah | F10: =+TIME(11,0,0) -> 0.45833333 | G10: =+TIME(19,0,0) -> 0.79166667 | H10: =+G10-F10 -> 0.33333333 | I10: late
A11: 9 | B11: 46206 | C11: =TEXT(+WEEKDAY(B11),"DDDD") -> Friday | D11: working day | E11: =+VLOOKUP(A11,Sheet2!$A$1:$B$5,2,FALSE) -> crshah | F11: =+TIME(10,0,0) -> 0.41666667 | G11: =+TIME(19,0,0) -> 0.79166667 | H11: =+G11-F11 -> 0.375 | I11: regular
A12: 10 | B12: 46206 | C12: =TEXT(+WEEKDAY(B12),"DDDD") -> Friday | D12: working day | E12: =+VLOOKUP(A12,Sheet2!$A$1:$B$5,2,FALSE) -> Vaishali Chirag Shah | F12: =+TIME(10,0,0) -> 0.41666667 | G12: =+TIME(19,0,0) -> 0.79166667 | H12: =+G12-F12 -> 0.375 | I12: regular
A13: 11 | B13: 46206 | C13: =TEXT(+WEEKDAY(B13),"DDDD") -> Friday | D13: working day | E13: =+VLOOKUP(A13,Sheet2!$A$1:$B$5,2,FALSE) -> Namya Chirag Shah | F13: =+TIME(10,0,0) -> 0.41666667 | G13: =+TIME(19,0,0) -> 0.79166667 | H13: =+G13-F13 -> 0.375 | I13: regular

Sheet Sheet2
A1: id | B1: name
A2: 8 | B2: Vaishali Shah
A3: 9 | B3: crshah
A4: 10 | B4: Vaishali Chirag Shah
A5: 11 | B5: Namya Chirag Shah
